i,t_wall,t_ros,cmd_vx,cmd_vy,cmd_wz,odom_stamp,frame_id,child_frame_id,x,y,z,qx,qy,qz,qw,vx,vy,vz,wx,wy,wz,err_vx,err_vy,err_wz,abs_err_vx,abs_err_vy,abs_err_wz,abs_err_sum
0,0.527703046798706,0.0,-0.5,-0.5,-0.5,nan,,,nan,nan,nan,nan,nan,nan,nan,nan,nan,nan,nan,nan,nan,nan,nan,nan,nan,nan,nan,nan
1,0.831465482711792,0.30376267433166504,-0.5,-0.5,-0.5,1780527207.5558863,odom,base_link,-2.2068488597869873,1.3636597394943237,0.30185481905937195,0.005175395403057337,0.020839804783463478,-0.9996790289878845,0.013453037478029728,5.662573521192371e-09,2.5879813847495825e-08,-6.221785042725969e-07,-0.011717907153069973,0.01810949295759201,0.004261057358235121,0.5000000056625735,0.5000000258798138,0.5042610573582351,0.5000000056625735,0.5000000258798138,0.5042610573582351,1.5042610889006225
2,1.135796308517456,0.6080944538116455,-0.5,-0.5,-0.5,1780527207.7959437,odom,base_link,-2.206864595413208,1.363648533821106,0.3018542230129242,0.005186739377677441,0.02085329033434391,-0.9996787309646606,0.013458430767059326,3.6992744423258728e-09,1.209905242660625e-08,-1.8791286038322141e-07,0.0,-0.015978964045643806,0.0063915858045220375,0.5000000036992744,0.5000000120990524,0.506391585804522,0.5000000036992744,0.5000000120990524,0.506391585804522,1.506391601602849
3,1.440051555633545,0.9123504161834717,-0.5,-0.5,-0.5,1780527208.129399,odom,base_link,-2.2069222927093506,1.3636503219604492,0.30185216665267944,0.005290560889989138,0.020844120532274246,-0.9996775388717651,0.013509048148989677,5.062127605981459e-09,5.7507874018369876e-09,-9.732398353889948e-08,0.013848436065018177,-0.013848436065018177,0.0021305286791175604,0.5000000050621276,0.5000000057507874,0.5021305286791176,0.5000000050621276,0.5000000057507874,0.5021305286791176,1.5021305394920326
4,1.5416364669799805,1.0139358043670654,-0.5,-0.5,-0.5,1780527208.129399,odom,base_link,-2.2069222927093506,1.3636503219604492,0.30185216665267944,0.005290560889989138,0.020844120532274246,-0.9996775388717651,0.013509048148989677,5.062127605981459e-09,5.7507874018369876e-09,-9.732398353889948e-08,0.013848436065018177,-0.013848436065018177,0.0021305286791175604,0.5000000050621276,0.5000000057507874,0.5021305286791176,0.5000000050621276,0.5000000057507874,0.5021305286791176,1.5021305394920326
5,1.6006782054901123,1.0729799270629883,-0.5,-0.5,-0.5,1780527208.7791314,odom,base_link,-2.205092668533325,1.36896550655365,0.3016446828842163,0.005753685720264912,0.021018581464886665,-0.9997621178627014,-0.0010541904484853148,-6.618729003093904e-06,-2.4268068955279887e-05,0.0005776075413450599,-0.014913700520992279,0.009587379172444344,0.015978964045643806,0.4999933812709969,0.4999757319310447,0.5159789640456438,0.4999933812709969,0.4999757319310447,0.5159789640456438,1.5159480772476854
6,1.7002861499786377,1.17258882522583,-0.5,-0.5,-0.5,1780527209.2457404,odom,base_link,-2.1994736194610596,1.375475287437439,0.30039969086647034,0.00832405500113964,0.020361920818686485,-0.9996558427810669,-0.014299841597676277,-0.0526016503572464,-0.07977481931447983,-0.02855202928185463,0.17896440625190735,0.05858953669667244,-0.18748651444911957,0.4473983496427536,0.42022518068552017,0.31251348555088043,0.4473983496427536,0.42022518068552017,0.31251348555088043,1.1801370158791542
7,1.800325870513916,1.2726271152496338,-0.5,-0.5,-0.5,1780527209.3423405,odom,base_link,-2.190882444381714,1.382073998451233,0.299026757478714,0.013476304709911346,0.014168714173138142,-0.9994663000106812,-0.026174884289503098,-0.1233137995004654,-0.05963576212525368,-0.03104952909052372,0.029827401041984558,0.10759169608354568,-0.28975188732147217,0.3766862004995346,0.4403642378747463,0.21024811267852783,0.3766862004995346,0.4403642378747463,0.21024811267852783,1.0272985510528088
8,1.9002842903137207,1.3725841045379639,-0.5,-0.5,-0.5,1780527209.4424067,odom,base_link,-2.176234483718872,1.390336036682129,0.2980777621269226,0.02034553699195385,0.01569119468331337,-0.9987375736236572,-0.04316776990890503,-0.18513010442256927,-0.1415504515171051,-0.042327381670475006,-0.12144013494253159,0.17470334470272064,-0.3472761809825897,0.3148698955774307,0.3584495484828949,0.15272381901741028,0.3148698955774307,0.3584495484828949,0.15272381901741028,0.8260432630777359
9,2.0002858638763428,1.4725847244262695,-0.5,-0.5,-0.5,1780527209.5457287,odom,base_link,-2.150892496109009,1.406679391860962,0.2933139204978943,0.031036175787448883,0.008152882568538189,-0.9975256323814392,-0.06255590170621872,-0.2496490478515625,-0.12550446391105652,-0.08217781037092209,-0.19813916087150574,0.0021305286791175604,-0.46232470870018005,0.2503509521484375,0.3744955360889435,0.037675291299819946,0.2503509521484375,0.3744955360889435,0.037675291299819946,0.6625217795372009
10,2.1002814769744873,1.5725805759429932,-0.5,-0.5,-0.5,1780527209.6457734,odom,base_link,-2.124690294265747,1.421637773513794,0.29524165391921997,0.024920323863625526,0.012972984462976456,-0.9966092705726624,-0.07733670622110367,-0.18518148362636566,-0.17747773230075836,-0.01835099421441555,0.10546116530895233,-0.24714131653308868,-0.37816882133483887,0.31481851637363434,0.32252226769924164,0.12183117866516113,0.31481851637363434,0.32252226769924164,0.12183117866516113,0.7591719627380371
11,2.2002909183502197,1.672591209411621,-0.5,-0.5,-0.5,1780527209.7425222,odom,base_link,-2.1055703163146973,1.432909607887268,0.29889675974845886,0.021199319511651993,0.01311817392706871,-0.9953257441520691,-0.0933036133646965,-0.21268078684806824,-0.1657034456729889,-0.012641279958188534,-0.05006742104887962,-0.012783171609044075,-0.3568635582923889,0.28731921315193176,0.3342965543270111,0.14313644170761108,0.28731921315193176,0.3342965543270111,0.14313644170761108,0.764752209186554
12,2.3002865314483643,1.7725861072540283,-0.5,-0.5,-0.5,1780527209.84233,odom,base_link,-2.0762345790863037,1.44533109664917,0.29831281304359436,0.021844808012247086,0.015189972706139088,-0.9934159517288208,-0.11143199354410172,-0.2701154351234436,-0.17941711843013763,-0.061353933066129684,0.2226402461528778,-0.0649811252951622,-0.3249056041240692,0.2298845648765564,0.32058288156986237,0.1750943958759308,0.2298845648765564,0.32058288156986237,0.1750943958759308,0.7255618423223495
13,2.4002933502197266,1.8725934028625488,-0.5,-0.5,-0.5,1780527209.9428148,odom,base_link,-2.040591239929199,1.4564324617385864,0.2959485650062561,0.019224682822823524,0.014292520470917225,-0.9914199709892273,-0.12850266695022583,-0.30629923939704895,-0.285418838262558,0.03002847731113434,0.04367583617568016,0.2599245011806488,-0.3536677658557892,0.19370076060295105,0.21458116173744202,0.14633223414421082,0.19370076060295105,0.21458116173744202,0.14633223414421082,0.5546141564846039
14,2.5003011226654053,1.9726040363311768,-0.5,-0.5,-0.5,1780527210.0457957,odom,base_link,-2.0049729347229004,1.47116219997406,0.2983485162258148,0.037507928907871246,0.008016147650778294,-0.9881547689437866,-0.14859160780906677,-0.2114582359790802,-0.2910124361515045,-0.025726154446601868,0.15552859008312225,0.5123921632766724,-0.3802993595600128,0.2885417640209198,0.20898756384849548,0.11970064043998718,0.2885417640209198,0.20898756384849548,0.11970064043998718,0.6172299683094025
15,2.6004104614257812,2.0727131366729736,-0.5,-0.5,-0.5,1780527210.1458402,odom,base_link,-1.9604078531265259,1.4896036386489868,0.2957843542098999,0.05934590473771095,0.0015828460454940796,-0.9839913249015808,-0.1680385321378708,-0.411639004945755,-0.18152152001857758,-0.13761822879314423,-1.078047513961792,-0.22477076947689056,-0.4793689548969269,0.088360995054245,0.3184784799814224,0.02063104510307312,0.088360995054245,0.3184784799814224,0.02063104510307312,0.42747052013874054
16,2.700483560562134,2.172787666320801,-0.5,-0.5,-0.5,1780527210.2456462,odom,base_link,-1.91749107837677,1.5053074359893799,0.2999648451805115,0.042574118822813034,-0.002397581934928894,-0.9817560315132141,-0.18530307710170746,-0.288165807723999,-0.29459279775619507,-0.01478237472474575,0.25246763229370117,-0.3589940667152405,-0.44847628474235535,0.21183419227600098,0.20540720224380493,0.05152371525764465,0.21183419227600098,0.20540720224380493,0.05152371525764465,0.46876510977745056
17,2.8004071712493896,2.272706985473633,-0.5,-0.5,-0.5,1780527210.3456647,odom,base_link,-1.8774356842041016,1.5195136070251465,0.3034743666648865,0.03293344005942345,0.008070271462202072,-0.9779844880104065,-0.20590505003929138,-0.3163307309150696,-0.2777602970600128,-0.05445043742656708,-0.20133495330810547,-0.17576861381530762,-0.43888890743255615,0.18366926908493042,0.22223970293998718,0.06111109256744385,0.18366926908493042,0.22223970293998718,0.06111109256744385,0.46702006459236145
18,2.900428533554077,2.372727870941162,-0.5,-0.5,-0.5,1780527210.4457679,odom,base_link,-1.8290208578109741,1.5339211225509644,0.30031895637512207,0.026826106011867523,0.00849828775972128,-0.9742026329040527,-0.22391486167907715,-0.44744691252708435,-0.3082156777381897,-0.10477247089147568,0.8937567472457886,-0.5422195196151733,-0.31318771839141846,0.05255308747291565,0.1917843222618103,0.18681228160858154,0.05255308747291565,0.1917843222618103,0.18681228160858154,0.4311496913433075
19,3.0003561973571777,2.4726572036743164,-0.5,-0.5,-0.5,1780527210.5456934,odom,base_link,-1.783363938331604,1.541520595550537,0.3038117587566376,0.0346425399184227,0.011113598942756653,-0.9688957333564758,-0.24478091299533844,-0.2972622215747833,-0.3197590708732605,-0.03606650233268738,-0.021305285394191742,0.3014698028564453,-0.3771035671234131,0.20273777842521667,0.1802409291267395,0.12289643287658691,0.20273777842521667,0.1802409291267395,0.12289643287658691,0.5058751404285431
20,3.100409984588623,2.5727105140686035,-0.5,-0.5,-0.5,1780527210.6422722,odom,base_link,-1.736533522605896,1.5550438165664673,0.30334487557411194,0.05520496144890785,0.004841625224798918,-0.9630250334739685,-0.2636512219905853,-0.4091089069843292,-0.41493189334869385,-0.09364072978496552,0.038349516689777374,0.49534791707992554,-0.40586569905281067,0.09089109301567078,0.08506810665130615,0.09413430094718933,0.09089109301567078,0.08506810665130615,0.09413430094718933,0.27009350061416626
21,3.2003002166748047,2.6726014614105225,-0.5,-0.5,-0.5,1780527210.742418,odom,base_link,-1.6868709325790405,1.5659252405166626,0.29985886812210083,0.05986063554883003,0.008738595992326736,-0.9579638838768005,-0.2804388701915741,-0.26571330428123474,-0.3114364445209503,-0.09025879204273224,0.8862999081611633,-0.829840898513794,-0.29081717133522034,0.23428669571876526,0.18856355547904968,0.20918282866477966,0.23428669571876526,0.18856355547904968,0.20918282866477966,0.6320330798625946
22,3.3002922534942627,2.772594451904297,-0.5,-0.5,-0.5,1780527210.84228,odom,base_link,-1.644446849822998,1.5718210935592651,0.3055781126022339,0.02290099486708641,-0.007751949597150087,-0.952761173248291,-0.30275702476501465,-0.21832485496997833,-0.3794567883014679,-0.032172635197639465,0.06924217939376831,-0.37816882133483887,-0.37923410534858704,0.28167514503002167,0.1205432116985321,0.12076589465141296,0.28167514503002167,0.1205432116985321,0.12076589465141296,0.5229842513799667
23,3.400416612625122,2.8727176189422607,-0.5,-0.5,-0.5,1780527210.942372,odom,base_link,-1.6106027364730835,1.578460693359375,0.30875369906425476,0.02776922844350338,0.012320009991526604,-0.9457988739013672,-0.3233294188976288,-0.2838783264160156,-0.2910672724246979,-0.06730443239212036,-0.3707119822502136,0.09693904966115952,-0.43356257677078247,0.21612167358398438,0.20893272757530212,0.06643742322921753,0.21612167358398438,0.20893272757530212,0.06643742322921753,0.49149182438850403
24,3.5003676414489746,2.9726691246032715,-0.5,-0.5,-0.5,1780527211.0422256,odom,base_link,-1.5652652978897095,1.579622745513916,0.30687615275382996,0.027043504640460014,0.012629619799554348,-0.9394083023071289,-0.3414986729621887,-0.3793593645095825,-0.28615403175354004,-0.08151007443666458,0.15233279764652252,-0.06604638695716858,-0.30466559529304504,0.12064063549041748,0.21384596824645996,0.19533440470695496,0.12064063549041748,0.21384596824645996,0.19533440470695496,0.5298210084438324
25,3.6002352237701416,3.0725347995758057,-0.5,-0.5,-0.5,1780527211.142295,odom,base_link,-1.5152568817138672,1.579076886177063,0.3045934736728668,0.027092264965176582,1.7889280570670962e-05,-0.933480441570282,-0.3576040267944336,-0.42113161087036133,-0.26015573740005493,-0.008892117999494076,0.010652642697095871,0.1715075522661209,-0.41012677550315857,0.07886838912963867,0.23984426259994507,0.08987322449684143,0.07886838912963867,0.23984426259994507,0.08987322449684143,0.40858587622642517
26,3.7002904415130615,3.1725914478302,-0.5,-0.5,-0.5,1780527211.2422261,odom,base_link,-1.4693233966827393,1.5736308097839355,0.30472779273986816,0.04430780187249184,-0.004881896078586578,-0.9244120121002197,-0.37878188490867615,-0.4531514346599579,-0.3937997817993164,-0.0907050371170044,-0.04048004373908043,0.4548678696155548,-0.40586569905281067,0.046848565340042114,0.1062002182006836,0.09413430094718933,0.046848565340042114,0.1062002182006836,0.09413430094718933,0.24718308448791504
27,3.800288438796997,3.272587776184082,-0.5,-0.5,-0.5,1780527211.342435,odom,base_link,-1.412322998046875,1.566259741783142,0.2977910041809082,0.056332752108573914,-0.00545137282460928,-0.9167637825012207,-0.3954002559185028,-0.4504866898059845,-0.39247915148735046,-0.08482090383768082,0.26205500960350037,-0.2087918072938919,-0.35153722763061523,0.0495133101940155,0.10752084851264954,0.14846277236938477,0.0495133101940155,0.10752084851264954,0.14846277236938477,0.3054969310760498
28,3.900294303894043,3.3725926876068115,-0.5,-0.5,-0.5,1780527211.4421558,odom,base_link,-1.3703516721725464,1.5604013204574585,0.3035699129104614,0.037651121616363525,-0.005379383452236652,-0.9095169901847839,-0.41392335295677185,-0.4041273891925812,-0.3025780916213989,-0.056330569088459015,-0.3355582654476166,-0.18429072201251984,-0.43036678433418274,0.09587261080741882,0.19742190837860107,0.06963321566581726,0.09587261080741882,0.19742190837860107,0.06963321566581726,0.36292773485183716
29,4.000295877456665,3.472594738006592,-0.5,-0.5,-0.5,1780527211.5455515,odom,base_link,-1.3244894742965698,1.5524600744247437,0.30522146821022034,0.03667180985212326,0.010992943309247494,-0.900774359703064,-0.43259721994400024,-0.44634944200515747,-0.36480262875556946,-0.07084920257329941,-0.11291801929473877,-0.12357065826654434,-0.4048004448413849,0.05365055799484253,0.13519737124443054,0.09519955515861511,0.05365055799484253,0.13519737124443054,0.09519955515861511,0.2840474843978882
30,4.100295782089233,3.5725960731506348,-0.5,-0.5,-0.5,1780527211.6455307,odom,base_link,-1.2716952562332153,1.5387612581253052,0.30083003640174866,0.022277506068348885,0.003320279298350215,-0.8928793668746948,-0.44973257184028625,-0.3928278982639313,-0.4401252269744873,-0.08305693417787552,-0.2876213788986206,-0.10759169608354568,-0.5976132750511169,0.10717210173606873,0.059874773025512695,-0.09761327505111694,0.10717210173606873,0.059874773025512695,0.09761327505111694,0.26466014981269836
31,4.200297594070435,3.6725966930389404,-0.5,-0.5,-0.5,1780527211.7456594,odom,base_link,-1.2256786823272705,1.52553129196167,0.3051036596298218,0.04201881214976311,0.0007781091844663024,-0.8813241124153137,-0.47064003348350525,-0.39155301451683044,-0.4219643175601959,-0.07288699597120285,0.07776429504156113,0.5901564359664917,-0.36112460494041443,0.10844698548316956,0.07803568243980408,0.13887539505958557,0.10844698548316956,0.07803568243980408,0.13887539505958557,0.3253580629825592
32,4.300333023071289,3.7726328372955322,-0.5,-0.5,-0.5,1780527211.8421307,odom,base_link,-1.1711114645004272,1.5161975622177124,0.30287837982177734,0.06425774842500687,-0.019268259406089783,-0.8701990842819214,-0.48811212182044983,-0.5163851976394653,-0.40657269954681396,-0.1636810302734375,0.35473302006721497,0.4687162935733795,-0.3802993595600128,-0.016385197639465332,0.09342730045318604,0.11970064043998718,0.016385197639465332,0.09342730045318604,0.11970064043998718,0.22951313853263855
33,4.400284767150879,3.872584819793701,-0.5,-0.5,-0.5,1780527211.9421008,odom,base_link,-1.128953218460083,1.5032479763031006,0.30448102951049805,0.0438988171517849,-0.009184415452182293,-0.8628025650978088,-0.5035480260848999,-0.5272108912467957,-0.34201523661613464,-0.05214300379157066,0.16937702894210815,-0.7190533876419067,-0.5006742477416992,-0.027210891246795654,0.15798476338386536,-0.0006742477416992188,0.027210891246795654,0.15798476338386536,0.0006742477416992188,0.18586990237236023
34,4.500304460525513,3.972604990005493,-0.5,-0.5,-0.5,1780527212.0453858,odom,base_link,-1.0943686962127686,1.4906617403030396,0.3093908727169037,0.030109066516160965,-0.0004466449317988008,-0.850648820400238,-0.5248716473579407,-0.27224311232566833,-0.2776360511779785,-0.03387315571308136,-0.6870954632759094,0.17044228315353394,-0.4048004448413849,0.22775688767433167,0.22236394882202148,0.09519955515861511,0.22775688767433167,0.22236394882202148,0.09519955515861511,0.5453203916549683
35,4.6002960205078125,4.072598457336426,-0.5,-0.5,-0.5,1780527212.1455977,odom,base_link,-1.0581684112548828,1.4761650562286377,0.30804702639579773,0.02974020130932331,-0.0029651576187461615,-0.8419821858406067,-0.5386770963668823,-0.34893643856048584,-0.29702603816986084,-0.07343222200870514,0.18961705267429352,-0.13209277391433716,-0.37497302889823914,0.15106356143951416,0.20297396183013916,0.12502697110176086,0.15106356143951416,0.20297396183013916,0.12502697110176086,0.4790644943714142
36,4.700301885604858,4.172604322433472,-0.5,-0.5,-0.5,1780527212.2454028,odom,base_link,-1.0208653211593628,1.457024335861206,0.3054640591144562,0.03180626034736633,-0.0062340968288481236,-0.8297926187515259,-0.5571302175521851,-0.5143865942955017,-0.3999817669391632,-0.13768576085567474,0.2130528688430786,0.10759169608354568,-0.4037351608276367,-0.014386594295501709,0.10001823306083679,0.09626483917236328,0.014386594295501709,0.10001823306083679,0.09626483917236328,0.21066966652870178
37,4.800288915634155,4.2725911140441895,-0.5,-0.5,-0.5,1780527212.345428,odom,base_link,-0.9725548028945923,1.4301211833953857,0.30128157138824463,0.025235764682292938,-0.013342367485165596,-0.8175464272499084,-0.5751550197601318,-0.4974311590194702,-0.40185070037841797,0.017837585881352425,-0.05326321721076965,0.42504045367240906,-0.5134574174880981,0.002568840980529785,0.09814929962158203,-0.013457417488098145,0.002568840980529785,0.09814929962158203,0.013457417488098145,0.11417555809020996
38,4.900345087051392,4.372645139694214,-0.5,-0.5,-0.5,1780527212.4420629,odom,base_link,-0.9281038641929626,1.4077280759811401,0.3022044897079468,0.043028850108385086,-0.029705911874771118,-0.8050228357315063,-0.590935230255127,-0.3790871798992157,-0.4431445300579071,-0.08431427925825119,-0.03302319347858429,0.6487459540367126,-0.3802993595600128,0.1209128201007843,0.056855469942092896,0.11970064043998718,0.1209128201007843,0.056855469942092896,0.11970064043998718,0.2974689304828644
